{"cameraMode":{"drawMode":0,"name":"Shaded","section":"Shading Mode"},"sceneLighting":true,"audioPlay":false,"sceneViewState":{"m_AlwaysRefresh":true,"showFog":true,"showSkybox":true,"showFlares":true,"showImageEffects":true,"showParticleSystems":true,"showVisualEffectGraphs":true,"m_FxEnabled":true},"in2DMode":false,"pivot":{"x":0.7903048992156982,"y":2.3060526847839357,"z":-3.651840925216675},"rotation":{"x":0.1008150726556778,"y":0.01641491800546646,"z":-0.0016630372265353799,"w":0.994773268699646},"size":1.563500165939331,"orthographic":false}