{"cameraMode":{"drawMode":0,"name":"Shaded","section":"Shading Mode"},"sceneLighting":false,"audioPlay":false,"sceneViewState":{"m_AlwaysRefresh":false,"showFog":true,"showSkybox":false,"showFlares":true,"showImageEffects":true,"showParticleSystems":true,"showVisualEffectGraphs":true,"m_FxEnabled":true},"in2DMode":false,"pivot":{"x":-0.24560654163360597,"y":0.6787800788879395,"z":0.39200520515441897},"rotation":{"x":-0.17792686820030213,"y":0.821601390838623,"z":-0.3672093152999878,"w":-0.3980937898159027},"size":1.0428720712661744,"orthographic":false}