{"cameraMode":{"drawMode":0,"name":"Shaded","section":"Shading Mode"},"sceneLighting":true,"audioPlay":false,"sceneViewState":{"m_AlwaysRefresh":true,"showFog":true,"showSkybox":true,"showFlares":true,"showImageEffects":true,"showParticleSystems":true,"showVisualEffectGraphs":true,"m_FxEnabled":true},"in2DMode":false,"pivot":{"x":3.487604856491089,"y":9.403839111328125,"z":-8.680400848388672},"rotation":{"x":0.09613297134637833,"y":0.15669745206832887,"z":-0.015324946492910385,"w":0.9828462600708008},"size":2.4730286598205568,"orthographic":false}