{"cameraMode":{"drawMode":0,"name":"Shaded","section":"Shading Mode"},"sceneLighting":false,"audioPlay":false,"sceneViewState":{"m_AlwaysRefresh":true,"showFog":true,"showSkybox":false,"showFlares":true,"showImageEffects":true,"showParticleSystems":true,"showVisualEffectGraphs":true,"m_FxEnabled":true},"in2DMode":false,"pivot":{"x":16.954469680786134,"y":10.625051498413086,"z":0.21458274126052857},"rotation":{"x":0.03392530232667923,"y":-0.49251019954681399,"z":0.019218558445572854,"w":0.8694411516189575},"size":0.6532431244850159,"orthographic":false}