{"cameraMode":{"drawMode":0,"name":"Shaded","section":"Shading Mode"},"sceneLighting":false,"audioPlay":false,"sceneViewState":{"m_AlwaysRefresh":true,"showFog":true,"showSkybox":false,"showFlares":true,"showImageEffects":true,"showParticleSystems":true,"showVisualEffectGraphs":true,"m_FxEnabled":true},"in2DMode":false,"pivot":{"x":4.02889347076416,"y":11.111199378967286,"z":0.043849050998687747},"rotation":{"x":0.046808961778879169,"y":-0.5357736945152283,"z":0.029767250642180444,"w":0.8425454497337341},"size":1.085291862487793,"orthographic":false}