{"cameraMode":{"drawMode":0,"name":"Shaded","section":"Shading Mode"},"sceneLighting":false,"audioPlay":false,"sceneViewState":{"m_AlwaysRefresh":true,"showFog":true,"showSkybox":false,"showFlares":true,"showImageEffects":true,"showParticleSystems":true,"showVisualEffectGraphs":true,"m_FxEnabled":true},"in2DMode":false,"pivot":{"x":1.4945727586746216,"y":11.734302520751954,"z":0.7526483535766602},"rotation":{"x":0.12148421257734299,"y":-0.13888131082057954,"z":0.01717042736709118,"w":0.9826882481575012},"size":1.9695582389831544,"orthographic":false}