{"cameraMode":{"drawMode":0,"name":"Shaded","section":"Shading Mode"},"sceneLighting":true,"audioPlay":false,"sceneViewState":{"m_AlwaysRefresh":true,"showFog":true,"showSkybox":true,"showFlares":true,"showImageEffects":true,"showParticleSystems":true,"showVisualEffectGraphs":true,"m_FxEnabled":true},"in2DMode":false,"pivot":{"x":0.47535261511802676,"y":2.9384231567382814,"z":28.788551330566408},"rotation":{"x":0.008444293402135373,"y":-0.9914953112602234,"z":0.08547908812761307,"w":0.09788525104522705},"size":7.7334699630737309,"orthographic":true}