{"cameraMode":{"drawMode":0,"name":"Shaded","section":"Shading Mode"},"sceneLighting":true,"audioPlay":false,"sceneViewState":{"m_AlwaysRefresh":false,"showFog":true,"showSkybox":true,"showFlares":true,"showImageEffects":false,"showParticleSystems":true,"showVisualEffectGraphs":true,"m_FxEnabled":true},"in2DMode":false,"pivot":{"x":13.257186889648438,"y":46.27541732788086,"z":11.19416332244873},"rotation":{"x":0.18902194499969483,"y":0.7536705732345581,"z":-0.5795116424560547,"w":0.24583101272583009},"size":2.3514065742492677,"orthographic":true}