{"cameraMode":{"drawMode":0,"name":"Shaded","section":"Shading Mode"},"sceneLighting":true,"audioPlay":false,"sceneViewState":{"m_AlwaysRefresh":false,"showFog":true,"showSkybox":true,"showFlares":true,"showImageEffects":true,"showParticleSystems":true,"showVisualEffectGraphs":true,"m_FxEnabled":true},"in2DMode":false,"pivot":{"x":9.32379150390625,"y":0.036324262619018558,"z":-5.070655822753906},"rotation":{"x":0.06864095479249954,"y":0.9050997495651245,"z":-0.16001304984092713,"w":0.3880065381526947},"size":1.737823486328125,"orthographic":false}