{"cameraMode":{"drawMode":0,"name":"Shaded","section":"Shading Mode"},"sceneLighting":true,"audioPlay":false,"sceneViewState":{"m_AlwaysRefresh":false,"showFog":true,"showSkybox":true,"showFlares":true,"showImageEffects":false,"showParticleSystems":true,"showVisualEffectGraphs":true,"m_FxEnabled":true},"in2DMode":false,"pivot":{"x":-5.433546543121338,"y":5.086907863616943,"z":0.029173076152801515},"rotation":{"x":-0.5403779149055481,"y":0.006807005498558283,"z":-0.004375683143734932,"w":-0.8413993120193481},"size":5.704137325286865,"orthographic":false}