{"cameraMode":{"drawMode":0,"name":"Shaded","section":"Shading Mode"},"sceneLighting":true,"audioPlay":false,"sceneViewState":{"m_AlwaysRefresh":true,"showFog":true,"showSkybox":true,"showFlares":true,"showImageEffects":true,"showParticleSystems":true,"showVisualEffectGraphs":true,"m_FxEnabled":true},"in2DMode":false,"pivot":{"x":0.27097606658935549,"y":5.988102912902832,"z":-8.134923934936524},"rotation":{"x":0.25164082646369936,"y":0.013065080158412457,"z":-0.003397344844415784,"w":0.9677306413650513},"size":2.6633241176605226,"orthographic":false}