{"cameraMode":{"drawMode":0,"name":"Shaded","section":"Shading Mode"},"sceneLighting":true,"audioPlay":false,"sceneViewState":{"m_AlwaysRefresh":true,"showFog":true,"showSkybox":true,"showFlares":true,"showImageEffects":true,"showParticleSystems":true,"showVisualEffectGraphs":true,"m_FxEnabled":true},"in2DMode":false,"pivot":{"x":318.96893310546877,"y":225.65789794921876,"z":91.02880859375},"rotation":{"x":0.02999439463019371,"y":-0.010994899086654187,"z":0.00033209804678335786,"w":0.9995012283325195},"size":291.6542663574219,"orthographic":false}