{"cameraMode":{"drawMode":0,"name":"Shaded","section":"Shading Mode"},"sceneLighting":true,"audioPlay":false,"sceneViewState":{"m_AlwaysRefresh":true,"showFog":true,"showSkybox":true,"showFlares":true,"showImageEffects":true,"showParticleSystems":true,"showVisualEffectGraphs":true,"m_FxEnabled":true},"in2DMode":false,"pivot":{"x":437.1738586425781,"y":321.4079284667969,"z":18.42437744140625},"rotation":{"x":-0.014997940510511399,"y":0.012998249381780625,"z":0.0001966865238500759,"w":0.9998170137405396},"size":211.0397491455078,"orthographic":false}