{"cameraMode":{"drawMode":0,"name":"Shaded","section":"Shading Mode"},"sceneLighting":true,"audioPlay":false,"sceneViewState":{"m_AlwaysRefresh":true,"showFog":true,"showSkybox":true,"showFlares":true,"showImageEffects":true,"showParticleSystems":true,"showVisualEffectGraphs":true,"m_FxEnabled":true},"in2DMode":false,"pivot":{"x":1.500351071357727,"y":5.91721773147583,"z":-5.8853960037231449},"rotation":{"x":-0.048281099647283557,"y":0.020072372630238534,"z":-0.0009704249096103013,"w":-0.9986329078674316},"size":3.6366753578186037,"orthographic":false}