{"cameraMode":{"drawMode":0,"name":"Shaded","section":"Shading Mode"},"sceneLighting":true,"audioPlay":false,"sceneViewState":{"m_AlwaysRefresh":true,"showFog":true,"showSkybox":true,"showFlares":true,"showImageEffects":true,"showParticleSystems":true,"showVisualEffectGraphs":true,"m_FxEnabled":true},"in2DMode":false,"pivot":{"x":-2.3564441204071047,"y":-12.336590766906739,"z":11.198073387145996},"rotation":{"x":0.30340567231178286,"y":-0.06473071128129959,"z":0.020660903304815294,"w":0.9504415392875671},"size":16.633718490600587,"orthographic":false}