{"cameraMode":{"drawMode":0,"name":"Shaded","section":"Shading Mode"},"sceneLighting":true,"audioPlay":false,"sceneViewState":{"m_AlwaysRefresh":true,"showFog":true,"showSkybox":true,"showFlares":true,"showImageEffects":true,"showParticleSystems":true,"showVisualEffectGraphs":true,"m_FxEnabled":true},"in2DMode":false,"pivot":{"x":7.4541449546813969,"y":0.3385298252105713,"z":1.4375323057174683},"rotation":{"x":0.018650714308023454,"y":-0.29164448380470278,"z":0.005690007470548153,"w":0.9563401937484741},"size":3.866024971008301,"orthographic":false}