{"cameraMode":{"drawMode":0,"name":"Shaded","section":"Shading Mode"},"sceneLighting":true,"audioPlay":false,"sceneViewState":{"m_AlwaysRefresh":true,"showFog":true,"showSkybox":true,"showFlares":true,"showImageEffects":true,"showParticleSystems":true,"showVisualEffectGraphs":true,"m_FxEnabled":true},"in2DMode":false,"pivot":{"x":-0.058763571083545688,"y":7.604117393493652,"z":-7.553180694580078},"rotation":{"x":0.09224921464920044,"y":-0.019415706396102907,"z":0.0017990111373364926,"w":0.9955488443374634},"size":0.2633243203163147,"orthographic":false}