{"cameraMode":{"drawMode":0,"name":"Shaded","section":"Shading Mode"},"sceneLighting":true,"audioPlay":false,"sceneViewState":{"m_AlwaysRefresh":true,"showFog":true,"showSkybox":true,"showFlares":true,"showImageEffects":true,"showParticleSystems":true,"showVisualEffectGraphs":true,"m_FxEnabled":true},"in2DMode":false,"pivot":{"x":256.0643005371094,"y":137.37852478027345,"z":96.16223907470703},"rotation":{"x":0.03898519277572632,"y":-0.016986563801765443,"z":0.0006633527227677405,"w":0.9991031885147095},"size":195.87303161621095,"orthographic":false}