{"cameraMode":{"drawMode":0,"name":"Shaded","section":"Shading Mode"},"sceneLighting":true,"audioPlay":false,"sceneViewState":{"m_AlwaysRefresh":true,"showFog":true,"showSkybox":true,"showFlares":true,"showImageEffects":true,"showParticleSystems":true,"showVisualEffectGraphs":true,"m_FxEnabled":true},"in2DMode":false,"pivot":{"x":226.14877319335938,"y":120.66358947753906,"z":3.3506927490234377},"rotation":{"x":0.10946349799633026,"y":0.012024746276438237,"z":0.00132539845071733,"w":-0.9939253926277161},"size":127.34410858154297,"orthographic":false}