{"cameraMode":{"drawMode":0,"name":"Shaded","section":"Shading Mode"},"sceneLighting":true,"audioPlay":false,"sceneViewState":{"m_AlwaysRefresh":true,"showFog":true,"showSkybox":true,"showFlares":true,"showImageEffects":true,"showParticleSystems":true,"showVisualEffectGraphs":true,"m_FxEnabled":true},"in2DMode":false,"pivot":{"x":408.15350341796877,"y":222.31820678710938,"z":-31.32470703125},"rotation":{"x":0.13625657558441163,"y":-0.01179115567356348,"z":-0.0016209464520215989,"w":-0.9906100630760193},"size":20.334325790405275,"orthographic":false}