{"cameraMode":{"drawMode":0,"name":"Shaded","section":"Shading Mode"},"sceneLighting":true,"audioPlay":false,"sceneViewState":{"m_AlwaysRefresh":true,"showFog":true,"showSkybox":true,"showFlares":true,"showImageEffects":true,"showParticleSystems":true,"showVisualEffectGraphs":true,"m_FxEnabled":true},"in2DMode":false,"pivot":{"x":-8.903371810913086,"y":19.9186954498291,"z":179.17994689941407},"rotation":{"x":-0.3906308114528656,"y":0.003309667808935046,"z":-0.0014084939612075687,"w":-0.9205656051635742},"size":2.5638320446014406,"orthographic":false}